,user_id,place_id,center,extent,location,placeName,id,totalStayDays,totalStayHrs,Mon,Tues,Wed,Thur,Fri,Sat,Sun
0,1.0,2,POINT (8.499622984188035 47.42121632350427),"POLYGON ((8.498832199999999 47.4190887, 8.498701800000001 47.4191332, 8.4978485 47.4207708, 8.497696700000001 47.42148985, 8.498513300000001 47.4231675, 8.4990989 47.4230573, 8.499412599999999 47.4229469, 8.5019817 47.4213545, 8.5027756 47.4207973, 8.503156199999999 47.4205101, 8.498832199999999 47.4190887))","53, Furttalstrasse, Affoltern, Kreis 11, Zürich, Bezirk Zürich, Zürich, 8046, Switzerland",Furttalstrasse 53,home,42.85498789351851,1028.5197094444443,163.8257236111111,164.93670527777778,175.96211749999998,162.37356194444442,121.34042583333333,105.800435,134.28074027777777
1,1.0,6,POINT (8.507288518965519 47.40823615344827),"POLYGON ((8.506816650000001 47.407388, 8.506119399999999 47.40769825, 8.505884199999999 47.4078256, 8.5052477 47.4082605, 8.508816900000001 47.40970170000001, 8.5086084 47.4078743, 8.506816650000001 47.407388))","ETH Zürich, Hönggerberg, Glaubtenstrasse, Höngg, Kreis 10, Zürich, Bezirk Zürich, Zürich, 8093, Switzerland",ETH - H枚nggerberg,work,3.2023802662037038,76.85712638888889,19.95406861111111,21.377004999999997,3.677341666666666,10.968224444444447,5.317370277777779,6.1148875,9.44822888888889
