,user_id,place_id,center,extent,location,placeName,id,totalStayDays,totalStayHrs,Mon,Tues,Wed,Thur,Fri,Sat,Sun
0,1.0,0,POINT (8.456247385714287 47.39915462142858),"POLYGON ((8.456032 47.3988906, 8.455908000000001 47.3991783, 8.456491900000001 47.3993469, 8.456626099999999 47.399207, 8.456032 47.3988906))","7, Wagistrasse, Schlieren, Bezirk Dietikon, Zürich, 8952, Switzerland",Acht Grad Ost AG,home,4.860578703703703,116.65388888888887,16.668055555555554,16.16611111111111,67.03416666666666,0.0,16.785555555555554,0.0,0.0
1,1.0,1,POINT (8.498959445454547 47.42124527272727),"POLYGON ((8.498683300000001 47.4208113, 8.498257300000001 47.4209576, 8.499196400000001 47.4216346, 8.499771800000001 47.42143970000001, 8.498683300000001 47.4208113))","4, Georg-Kempf-Strasse, Affoltern, Kreis 11, Zürich, Bezirk Zürich, Zürich, 8046, Switzerland",Georg-Kempf-Strasse 3,home,8.679074074074075,208.2977777777778,32.9125,23.774722222222223,50.565,26.64666666666667,32.42166666666667,2.230277777777778,39.746944444444445
2,1.0,2,POINT (8.499062825714285 47.42132465285715),"POLYGON ((8.4987089 47.4201291, 8.498514699999999 47.4209576, 8.4987672 47.4217486, 8.499548300000001 47.4223003, 8.500184300000001 47.4220474, 8.4987089 47.4201291))","4, Georg-Kempf-Strasse, Affoltern, Kreis 11, Zürich, Bezirk Zürich, Zürich, 8046, Switzerland",Georg-Kempf-Strasse 3,work,19.727511574074075,473.46027777777783,56.06916666666667,58.17305555555556,105.88472222222222,96.4811111111111,116.99805555555555,39.854166666666664,0.0
3,1.0,3,POINT (8.507262118421053 47.40825428157896),"POLYGON ((8.506753399999999 47.4075311, 8.506119399999999 47.40769825, 8.507718499999999 47.4090557, 8.5082465 47.4092091, 8.508078100000001 47.4081251, 8.506753399999999 47.4075311))","ETH Zürich, Hönggerberg, Glaubtenstrasse, Höngg, Kreis 10, Zürich, Bezirk Zürich, Zürich, 8093, Switzerland",ETH - H枚nggerberg,work,8.535486111111112,204.8516666666667,44.26305555555555,46.57388888888889,20.96611111111111,45.584722222222226,47.46388888888889,0.0,0.0
