,user_id,place_id,center,extent,location,placeName,id,totalStayDays,totalStayHrs,Mon,Tues,Wed,Thur,Fri,Sat,Sun
0,1.0,2,POINT (8.498945635487624 47.42113790083078),"POLYGON ((8.5015196 47.4198344, 8.498723349999999 47.4202777, 8.497973100000001 47.4213227, 8.498517699999999 47.42298510000001, 8.5004162 47.4222545, 8.5031532 47.42041500000001, 8.5015196 47.4198344))","4, Georg-Kempf-Strasse, Affoltern, Kreis 11, Zürich, Bezirk Zürich, Zürich, 8046, Switzerland",Georg-Kempf-Strasse 3,home,55.10213505787036,1322.4512413888888,226.7739836111111,194.3431163888889,196.9500072222222,219.6929708333333,150.42121333333333,121.0078513888889,213.2620986111111
1,1.0,3,POINT (8.507219726194768 47.4084567574839),"POLYGON ((8.508258099999999 47.4074851, 8.5063982 47.4078374, 8.5052477 47.4082605, 8.5051849 47.408524, 8.507955516666668 47.40919455, 8.5082112 47.4082319, 8.508258099999999 47.4074851))","ETH Zürich, Hönggerberg, Glaubtenstrasse, Höngg, Kreis 10, Zürich, Bezirk Zürich, Zürich, 8093, Switzerland",ETH - Hönggerberg,work,4.880345925925926,117.12830222222223,28.402686944444447,27.470410555555556,4.676207222222222,18.838647222222225,11.619843055555556,7.838770833333333,18.28173638888889
